          --Tund nr 1  11.02.2026--
------------------------------------------------
-- teeme andmebaasid e db
create database IKT25tar


--andmebaasi valimine
use IKT25tar

--andmebaasi kustutamine koodiga
drop database IKT25tar

--teeme uuesti andmebaasi IKT25tar
create database IKT25tar

--teeme tabeli
create table Gender 
(
--Meil on muutuja Id,
--mis on t‰isarv andmet¸¸p,
--kui sisestad andmed,
--siis see veerg peab olema t‰idetud,
--tegemist on primaarvıtmega
Id int not null primary key,
--veeru nimi on Gender,
--10 t‰hem‰rki on max pikkus,
--andmed peavad olema sisestatud e
--ei tohi olla t¸hi
Gender nvarchar(10) not null
)

--andmete sisestamine
--Id = 1, Gender = Male 
--Id = 2, Gender = Famele 
insert into Gender (Id, Gender)
values (1, 'Male'),
(2, 'Famele')

--vaatame tabeli sisu 
--* t‰hendab, et n‰ita kıik seal sees olevat infot
select * from Gender 

--teeme tabeli nimega person 
--veeru nimed: Id int not null primary key,
--Name nvarchar (30)
--Email nvarchar (30)
--GenderId int 

create table person 
(
    Id int NOT NULL primary key,
    Name nvarchar(30),
    Email nvarchar(30),
    GenderId int
)
          --Tund nr 2  18.02.2026--
------------------------------------------------
insert into person  (Id, Name, Email, GenderId)
values (1,'Superman', 's@s.com', 2),
(2,'Wonderwoman', 'w@w.com', 1),
(3,'Batman', 'b@b.com', 2),
(4,'Aquman', 'a@a.com', 2),
(5,'Catwoman', 'c@c.com', 1),
(6,'Antman', 'ant"ant.com', 2),
(8, NULL, NULL, 2)

--n‰en tabelis olevat infot 
select * from person

--vıırvıtme ¸hendus loomine kahe tabeli vahel 
alter table Person add constraint tblPerson_GenderId_FK
foreign key (GenderId) references Gender(Id)

--kui sisestad uue rea andmeid ja ei ole sisestanud GenderId alla
--v‰‰rtust, siis automaalselt sisestab  sellele reale v‰‰rtuse 3
--e unknown
alter table Person 
add constraint DF_Person_GenderId
default 3 for GenderId

insert into Gender (Id, Gender)
values (3, 'Unknow')

insert into person (Id, Name ,Email, GenderId)
values (7, 'Black Panther', 'b@b.com', NULL)

insert into person (Id, Name ,Email)
values (11, 'Spiderman3', 'spider@man.com')

select * from Person

--piirangu kustutamine
alter table Person 
drop constraint DF_Person_GenderId 

--kuidas lisada veergu tabelile Person 
--veeru nimi on Age nvarchar(10)
alter table Person 
add Age nvarchar(10)

alter table Person
add constraint CK_Person_Age check (Age > 0 and Age < 155)

--kuidas uuendada andmeid
update Person
set Age = 159
where Id = 7

select * from Person

--soovin kustutada ¸he rea 
--kuidas seda teha???
delete from Person where Id = 8 and Id =  9 and Id = 10 

select * from Person

--lisame uue veeru City nvarchar(50)
alter table Person 
add City nvarchar(50)

--kıik, kes elavad Gothami linnas
select * from Person where City = 'Gotham'
--kıik,kes ei ela Gothamis
select * from Person where City != 'Gotham'
--variant nr 2. kıik, kes ei ela Gothamis
select * from Person where City <> 'Gotham'

--n‰itab teatud vanusega inimesi 
--valime 151, 35, 26
--Versioon 1
select * from Person Where Age in (151, 35, 26)
--Versioon 2
select * from Person Where Age = 151 or Age = 35 or Age = 26

--soovin n‰ha inimesi vahemikus 22 kuni 41
--Versioon 1
select * from Person Where Age between 22 and 41
--Versioon 2
select * from Person where Age >= 22 and  Age <= 41

--Wildcard e n‰itab kıik g-t‰hega linnad
select * from Person Where City like 'G%'
--otsib emailid @-m‰rgiga
select * from Person Where Email like '%@%'

--tahan n‰ha, kellel on emailis ees ja peale @-m‰rki ¸ks t‰ht
select * from Person Where Email like '%_@_.%'

--kıik, kellel nimes ei ole esimene t‰ht W, A, S
--Versioon 1
select * from Person Where Name like '[^WAS]%'

--Versioon 2
select * from Person Where Name not like 'W%'
and Name not like 'A%'
and Name not like 'S%'

--kıik, kes elavad Gothamis ja New Yorkis
--Versioon 1
select * from Person where (City = 'Gotham'or City = 'New York')
--Versioon 2
select * from Person where City in ('Gotham', 'New York')

--kıik, kes elavad Gothamis ja New Yorkis ning peavad olema 
--vanema, kui 29
select * from Person where (City = 'Gotham'or City = 'New York')
and (Age > 29)

--kuvab t‰hestikulises j‰rjekorras inimesi ja vıtab aluseks 
--Name veeru 
select * from Person
select * from Person order by Name 

--vıtab olm esimest rida Person tabelist
select top 3 * from Person 

          --Tund nr 3  25.02.2026--
------------------------------------------------

--kolm esimest, aga tabeli j‰rjestus on Age ja siis Name
select top 3 Age, Name from Person

--n‰ita esimesed 50% tabelist 
select top 3 Age, Name from Person

select top 50 PERCENT * from Person

--j‰rjestab vanuse j‰rgi isikud

--muudab Age muutuja int-ks ja n‰itab vanulises j‰rjestuses 
--cast abil saab andmet¸¸pi muuta 
select * from Person order by cast (Age as int )desc


--aga kıikide isikute koondvanus e liidab kıik kokku
select sum(cast(Age as int))as KoondVanus from Person 
-- "as KoondVanus" annab nimetuse 

--kıige noorem isik tuleb ¸les leida
select min(cast(Age as int)) from Person 

--kıige vanem isik tuleb ¸les leida
select max(cast(Age as int)) from Person 

--muudame Age muutuja int peale 
--n‰eme konkreetse linnades olevate isikute koondvanust
select City, sum(Age)as TotalAge from Person group by City


--kuidas saab koodiga muuta andmet¸¸pi ja selle pikkust
alter table Person
alter column Name nvarchar(25)

--kuvab esimeses reas v‰lja toodud j‰rjestuses ja kuvab Age-i
--TotalAge-ks 
--j‰rjest City-s olevate nimed j‰rgi ja siis Genderid j‰rgi
--kasutada group by-d ja order gy-d
select City, GenderId, sum(Age) as TotalAge from Person
group by City, GenderId
order by GenderId;

--n‰itab, et mitu rida andmeid on selles tabelis 
select count(*) from Person
--n‰itab tulemust mitu inimest on Genderid v‰‰rtusega 2
--konkreetses linnas
--arvutab kokku selles linnas 
select GenderId, City, sum(Age) as TotalAge, count(Id) as 
[Total person(s)] from person
Where GenderId = '2'
group by GenderId, City

--n‰itab ‰ra inimeste koondvanuse, mis on ¸le 41 a ja 
--kui palju neid igas linnas elab 
--eristab inimese soo ‰ra
select GenderId, City, sum(Age) as TotalAge, count(Id) as 
[Total person(s)] from person
Where GenderId = '1'
group by GenderId, City having SUM(Age) > 41

--loome tabelid Employees ja Drpartment
create table Department 
(
Id int primary key, 
DepartmentName nvarchar(50),
Location nvarchar(50),
DepartmentHead nvarchar(50),
)

create table Employees
(
Id int primary key, 
Name nvarchar(50),
Gender nvarchar(50),
Salary nvarchar(50),
DepartmentId int
)
insert into Employees (Id, Name, Gender, Salary, DepartmentId)
values (1, 'Tom', 'Male',4000, 1),
(2, 'Pam', 'Female',3000, 3),
(3, 'John', 'Male', 3500, 1),
(4, 'Sam', 'Male', 4500, 2),
(5, 'Todd', 'Male',2800, 2),
(6, 'Ben', 'Male', 7000, 1),
(7, 'Sara', 'Female',4800, 3),
(8, 'Valarie', 'Female', 5500, 1),
(9, 'James', 'Male',6500, NULL),
(10, 'Russell', 'Male',8800, NULL)

insert into Department (Id, DepartmentName, Location, DepartmentHead)
Values(1, 'IT', 'London','Rick'),
(2, 'Payroll', 'Delhi','Ron'),
(3, 'HR', 'New York', 'Christie'),
(4, 'Other Department', 'Syndey', 'Cindrella')

select *from  Department
select *from  Employees 

---

select Name, Gender, Salary, DepartmentName
from Employees 
left join Department
on Employees.DepartmentId = Department.Id
---

--arvutab kıikide palgad kokku Emloyees tabelist
select sum(cast(salary as int))from Employees--arvutab kıikide palgad kokku 
--kıige v‰iksem palga saaja 
select min(cast(salary as int))from Employees
--n‰itab veerge Location ja Palka.Palga veerg kuvatakse TotalSalary-ks
--teha left join Department tabeliga
--grupitab Locationiga
select Location,sum(cast(salary as int)) as TotalSalary
from Employees 
left join Department
on Employees.DepartmentId = Department.Id
group by Location
          
		  --Tund nr 4  03.03.2026--
------------------------------------------------

select * from Employees
select sum(cast(Salary as int))from Employees --arvutab kıikide palgad kokku

--Lisame veeru City pikkus on 30  
alter table Employees 
add City nvarchar(30)

select City, Gender, sum(cast(Salary as int)) as TotalSalary
from Employees
group by City, Gender

--peaaegu sama p‰ring, aga linnad on t‰hestikulises j‰rjrstuses
select City, Gender, sum(cast(Salary as int)) as TotalSalary
from Employees
group by City, Gender
order by City

select * from Employees 
--on vaja teada, et mitu inimest on nimekirjas 
select count(*) from Employees 

--mitu tˆˆtajat on soo ja linna kaupa tˆˆtamas 
select City, Gender, sum(cast(Salary as int)) as TotalSalary,
count (Id) as [Total Employee(s)]
from Employees
group by Gender, City 

--kuvab kas naised vıi mehed linnade kaupa 
--kasutage where
select City, Gender, sum(cast(Salary as int)) as TotalSalary,
count (Id) as [Total Employee(s)]
from Employees
where Gender = 'Female'
group by Gender, City 

--sama tulemus nagu eelmine kord, aga kasutage: having
select City, Gender, sum(cast(Salary as int)) as TotalSalary,
count (Id) as [Total Employee(s)]
from Employees
group by Gender, City 
having Gender = 'Female'

--kıik, kes teenuivad rohkem, kui 4000
select * from Employees where sum(cast(salary as it)) > 4000

--teeme variandi, kus saame tulemuse
--variant 1
select * from Employees where salary >= 4000
--variant 2
select Gender, City, sum(cast(Salary as int)) as TotalSalary,
count (Id) as [Total Employee(s)]
from Employees
group by Gender, City 
having sum(cast(Salary as int)) > 4000

--loome tabeli, milles hakatakse automaatselt numerdama Id-d
create table Test1
(
Id int identity(1,1),
Value nvarchar(20)
)
insert into Test1 values ('x')
select * from Test1

          --Tund nr 5  04.03.2026--
------------------------------------------------

--kustutame veeru nimega City Employees tabelist
alter table Employees
drop column City


--inner join 
--kuvab neid, kellel on DepartmentName all olemas v‰‰rtus 
--mitte kattuvad read eemaldatakse tulemusest 
--ja sellep‰rast ei n‰ita Jamesi ja Russelit tabelis
--kuna neil on DepartmentId NULL 
select Name, Gender, Salary, DepartmentName
from Employees  
inner join Department
on Employees.DepartmentId = Department.Id

--left join 
select Name, Gender, Salary, DepartmentName
from Employees 
left join Department--vıib kasutada LEFT OUTER JOIN-i
on Employees.DepartmentId = Department.Id
--uurige mis on left join 

--n‰itab andmeid, kus vasakpoolsest tabelist isegi, siis kui seal puusub
--vıırvıtme reas v‰‰rtus

--right join
select Name, Gender, Salary, DepartmentName
from Employees  
right join Department --vıib kasutada ka RIGHT OUTER JOIN-i
on Employees.DepartmentId = Department.Id
--right join n‰itab paremas tabelis olevaisd v‰‰rtuseid 
--mis ei ¸hti vasaku (Employees) tabeliga 

--outer join 
select Name, Gender, Salary, DepartmentName
from Employees  
outer join Department 
on Employees.DepartmentId = Department.Id
--mılema tabeli read kuvab 

--teha cross join
select Name, Gender, Salary, DepartmentName 
from Employees
cross join Department
--korrutab kıik omavahel l‰bi 

--teha left join, kus Employees tabelist Department on null
select Name, Gender, Salary, DepartmentName
from Employees  
left join Department 
on Employees.DepartmentId = Department.Id
where Employees.DepartmentId is null

--teine variant ja sama tulemus
select Name, Gender, Salary, DepartmentName
from Employees  
left join Department 
on Employees.DepartmentId = Department.Id
where Department.Id is null
--n‰itab aniult neid kellel on vasakus tabelis (Employees)
--DepartmentId null 

select Name, Gender, Salary, DepartmentName
from Employees  
right join Department 
on Employees.DepartmentId = Department.Id
where Employees.DepartmentId is null
--n‰tab ainult paremst tabelis olevat rida, 
--mis ei kattu  Employees-ga.

--full join 
--mılema tabeli mitte-kattuvate v‰‰rtustega read kuvab v‰lja 
select Name, Gender, Salary, DepartmentName
from Employees  
full join Department 
on Employees.DepartmentId = Department.Id
where Department.Id is null
or Department.Id is null

--teete AndventureWorksLT20019 andmebaasile join p‰ringuid:
--inner join, left join, right join, cross join ja full join 
--tabeleid sellese andmebaasi juurde ei tohi teha

--Mınikord peab muutuja ette kirjutama tabeli nimetuse nagu on Product.Name,
--et editor saak aru, et kuma tabeli muutuja soovitakse kasutada ja ei tekiks
--segadust 
select Product.Name, ProductNumber,ListPrice,
ProductModel.Name as [Product Model Name], 
Product.ProductModelId, ProductModel.ProductModeId
--mınikord peab ka tabeli ette kirjuama t‰psustava info 
--nagu on SelesLt.Product
from SalesLt.Product
inner join SalesLt.ProductModel
--antud juhul Producti tabelis ProductModelId vıırvıti,
--mis productModeli tabelis on primaarvıtti
on Product.ProductModelId = PRODUCTModel.productModelId


--inner join--
------------------
select p.Name AS ProductName, pc.Name AS CategoryName
from SalesLT.Product p
inner join SalesLT.ProductCategory pc
on p.ProductCategoryID = pc.ProductCategoryID

--left join--
------------------
select p.Name as ProductName, pc.Name as CategoryName
from SalesLT.Product p
left join SalesLT.ProductCategory pc
on p.ProductCategoryID = pc.ProductCategoryID

--right join--
-----------------
select p.Name as ProductName, pc.Name as CategoryName
from SalesLT.Product p
right join SalesLT.ProductCategory pc
on p.ProductCategoryID = pc.ProductCategoryID

--full join--
-----------------
select p.Name as ProductName, pc.Name as CategoryName
from SalesLT.Product p
full join SalesLT.ProductCategory pc
on p.ProductCategoryID = pc.ProductCategoryID

--cross join--
-----------------
select p.Name as ProductName, pc.Name as CategoryName
from SalesLT.Product p
cross join SalesLT.ProductCategory pc

          --Tund nr 6  12.03.2026--
------------------------------------------------
--isnull funksiooni kasutamine
select isnull ('Ingvar', 'No Manager')as Manager

--Null asemel kuvab No Meneger
select coalesce(NULL, 'No Manager')as Manager

alter table Employees
add ManagerId int

--neile, kellel ei ole ¸lamust, siis paneb neile No Manager teksti
--kasutage left joini
select E.Name as Employee, isnull(M.Name, 'No Manager') as Manager
from Employees E
left join Employees M
on E.ManagerId = M.Id

--kasutame inner joinid 
--kuvab ainult Manager all olevate isikute v‰‰rtuseid 
select E.Name as Employee, isnull(M.Name, 'No Manager') as Manager
from Employees E
inner join Employees M
on E.ManagerId = M.Id

--kıik saavd kıikide ¸lemused olla 
select E.Name as Employee, M.Name as Manager
from Employees E
cross join Employees M

--lisame Employees tabelise uued veerud 
alter table Employees
add MiddleName nvarchar(30)

alter table Employees
add LastName Nvarchar(30)

--muudame olemasoleva veeru nimetust
sp_rename 'Employees.Name', 'FristName'

UPDATE Employees
SET FirstName = 'Tom', MiddleName = 'Nick', LastName = 'Jones'
WHERE Id = 1;

UPDATE Employees
SET FirstName = 'Pam', MiddleName = NULL, LastName = 'Anderson'
WHERE Id = 2;

UPDATE Employees
SET FirstName = 'John', MiddleName = NULL, LastName = NULL
WHERE Id = 3;

UPDATE Employees
SET FirstName = 'Sam', MiddleName = NULL, LastName = 'Smith'
WHERE Id = 4;

UPDATE Employees
SET FirstName = NULL, MiddleName = 'Todd', LastName = 'Someone'
WHERE Id = 5;

UPDATE Employees
SET FirstName = 'Ben', MiddleName = 'Ten', LastName = 'Sven'
WHERE Id = 6;

UPDATE Employees
SET FirstName = 'Sara', MiddleName = NULL, LastName = 'Connor'
WHERE Id = 7;

UPDATE Employees
SET FirstName = 'Valarine', MiddleName = 'Balerine', LastName = NULL
WHERE Id = 8;

UPDATE Employees
SET FirstName = 'James', MiddleName = '007', LastName = 'Bond'
WHERE Id = 9;

UPDATE Employees
SET FirstName = NULL, MiddleName = NULL, LastName = 'Crowe'
WHERE Id = 10;

--igast reast vıtab esimesena t‰idetud lahtri ja kuvab ainult seda
--coalesce
select * from Employees 
select Id, coalesce(FirstName, MiddleName, LastName) as Name
from Employees

--loome kaks tabelit 
create table IndianCustomers
(
 Id int identity,
 Name nvarchar(25),
 Email nvarchar(25),
)
create table UKCustomers
(
 Id int identity(1,1),
 Name nvarchar(25),
 Email nvarchar(25),
)

--sisestame tabelisse andmeid 
insert into IndianCustomers (Name, Email)
values ('Raj', 'R@R.com'),
('Sam', 'S@S.com')

insert into UKCustomers (Name, Email)
values ('Ben', 'B@B.com'),
('Sam', 'S@S.com')

select * from IndianCustomers
select * from UKCustomers

--kasutame union all, mis t‰itab kıik ridu 
--union all ¸hendab tabelit ja n‰itab sisu
select Id, Name, Email from IndianCustomers
union all
select Id, Name, Email from UKCustomers

--korduvate v‰‰rtustega read pannakse ¸hte ja ei korrta
select Id, Name, Email from IndianCustomers
union 
select Id, Name, Email from UKCustomers

--kasutada union all, aga sorteerida nime j‰rgi
select Id, Name, Email from IndianCustomers
union all
select Id, Name, Email from UKCustomers
order by Name


--stored procedure
--tavaliselt pannkse nimetuse ette sp, mis t‰hendab stored procedure
create procedure spGetEmployees
as begin
select FirstName, Gender from Employees
end

--n¸¸d saab kasutada selle nimelist sp-d
spGetEmployees
exec spGetEmployees
execute spGetEmployees

create proc spGetEmployeesByGenderAndDepartment
--@ - t‰hendab muutujat
@Gender nvarchar (20),
@DepartmentId int
as begin
select FirstName, Gender, DepartmentId from Employees where Gender = @Gender
and DepartmentId = @DepartmentId
end

--kui n¸¸d allolevate k‰sklust k‰ima panna, siis nıuab gender parameetri 
spGetEmployeesByGenderAndDepartment

--ıige variant
spGetEmployeesByGenderAndDepartment 'Female', 1

--niimodi saab sp kirja pandud j‰rjekorras mˆˆda minna, kui ise pened muutuja paika
spGetEmployeesByGenderAndDepartment @DepartmentId = 1, @Gender = 'Male'

--saab vaadata sp sisu result vaates
sp_helptext spGetEmployeesByGenderAndDepartment

--kuidas muuta sp-d ja panna sinna v‰lja peale, et keegi teine peale teie ei saaks muuta
--kuskile tuleb lisada with encryption

alter proc spGetEmployeesByGenderAndDepartment
@Gender nvarchar (20),
@DepartmentId int
with encryption
as begin
select FirstName, Gender, DepartmentId from Employees where Gender = @Gender
and DepartmentId = @DepartmentId
end

--sp tegemine
create proc spGetEmployeesByGender
@Gender nvarchar (20),
@EmployeeCount int output
as begin 
select @EmployeeCount = count(Id) from Employees where Gender = @Gender
  end
 --annab tulemuse, kus loendab ‰ra nıuetele vastavad read 
 --prindib ka tulemuse kirja teel 
 --tuleb teha declare muutuja @TotalCount, mis on int
 declare @TotalCount int
 --execute spGetEmployeeCountByGender sp, kus on parameetrid Male ja TotalCount 
 execute spGetEmployeesCountByGender 'Male', @TotalCount out
 --if ja else, kui TotalCount = 0, siis tuleb tekst TotalCount is null
 if(@TotalCount = 0)
    print '@TotalCount is null'
 else 
    print '@TotalCount is not null'
print @TotalCount
 --plus kasuta printi @TotalCount puhul

           --Tund nr 7  17.03.2026--
------------------------------------------------

--n‰itab ‰ra, mitu rida vastab nıuetele 

--deklareerime muutuja @TotalCount, mis on int andmet¸¸p
declare @TotalCount int
--k‰ivitame stored procedure spGetEmployeesCountByGender, kus on parameetrid
--@EmployeeCount = @TotalCount out ja @Gender
execute spGetEmployeesCountByGender @EmployeeCount = @TotalCount out, @Gender = 'Female'
--prindib konsooli v‰lja, kui TotalCount on null vıi mitte null
print @TotalCount

--sp sisu vaatamine 
sp_help spGetEmployeesCountByGender
--tabeli info vaatamine 
sp_help Employees
--kui soovid sp teksti n‰ha 
sp_helptext spGetEmployeesCountByGender

--vaatame, millest sıltub meie valitud sp
sp_depends spGetEmployeesCountByGender
--n‰itab, et sp sıltub Employees tabelist, kuna seal on count(Id)
--ja Id on Employees tabelis 

--vaatame tabelit 
sp_depends Employees

--teeme sp, mis annab andmeid Id ja Name veergude kohta Employees tabelis
create proc spGetNameById
@Id int,
@Name nvarchar(20) output
as begin
select @Id = Id, @Name = FirstName from Employees
end

--annab kogu tabeli ridade arvu 
create proc spTotalCount2
@TotalCount int output
as begin 
select @TotalCount = count(Id) from Employees
end

--on vaja teha uus  p‰ring, kus kasutame spTotalCount2 sp-d,
--et saada tabeli ridade arv

--tuleb deklareedida muutuja @TotalCount, mis on int andmet¸¸p
declare @TotalEmployees int
--tuleb execute spTotalCount2, kus on parameeter @TotalCount = @TotalCount out
exec spTotalCount2 @TotalEmployees out
select @TotalEmployees

--mis Id all on keegi nime j‰rgi 
create proc spGetNameById1
@Id int,
@FirstName nvarchar(20) output
as begin 
select @FirstName =FirstName from Employees where Id = @Id
end
--annab tulemuse, kus id 1(seda numbrit saab muuta) real on keegi
--printi tuleb kasutada, et n‰idata tulemust
declare @FirstName nvarchar(20)
execute spGetNameById1 3, @FirstName output
print 'Name of the employee = ' + @FirstName

--tehke sama, mis eelmine aga kasutage spGetNameById sp-d
--FirstName lıpus on out
declare @FirstName nvarchar(20)
execute spGetNameById1 3, @FirstName out
print 'Name = ' + @FirstName

--output tagastab muudetud read kohe p‰ringu tulemusena 
--see on salvestatud protseduuris ja ¸he v‰‰rtuse tagastamine
--out ei anna mitte midagi, kui seda ei m‰‰ra execute k‰sus

          --Tund nr 8  19.03.2026--
------------------------------------------------

sp_help spGetNameById

create proc spGetNameById2
@Id int 
--kui on begin, siis on ka end kuskil olemas 
as begin 
return (select FirstName From Employees Where Id = @Id)
end

--tuleb veatedae kuna kutsusime v‰lja int-i, aga Tom on nvarchar
declare @EmploteeName nvarchar(50)
execute @EmploteeName = spGetNameById2 1
print 'Name of the employee = ' + @EmployeeName

--sisseehitatud string funktsioonid 
--see konverteerib ASCII t‰he v‰‰rtuse numbriks
select ASCII('A')

select char(65)

--prindime kogu t‰hestiku v‰lja 
declare @Start int
set @Start = 97
--ksutate while, et n‰idata kogu t‰hestiku ette 
while (@Start <= 122)
begin
select char (@Start)
set @Start = @Start + 1
end

--eemaldame t¸hjad kohad sulgudes
select ('        Hello')
select LTRIM('        Hello')

--t¸hikute eemaldamine veerust, mis on tabelis 

select FirstName, MiddleName, LastName from Employees
--eemaldage t¸hikud FirstName veerust ‰ra
select LTRIM(FirstName) as FirstName, MiddleName, LastName from Employees

--parema poolt t¸hjad stringid l¸ikab ‰ra 
select RTRIM('    Hello     ')


--keerab klooni sees olevad andmed vastupidiseks 
--vastavalt lower-ga ja upper-ga muuta m‰rkide suurust
--reverse funktsioon pˆˆrab kıik ¸mber
select reverse(upper(ltrim(FirstName))) as FirstName, MiddleName, lower(LastName), 
rtrim(ltrim(FirstName)) + ' ' + MiddleName + ' ' + LastName as FullName
from Employees


--left, right, substring
--vasakul poolt neli esimest t‰hte 
select LEFT('ABCDEF', 4)
--paremalt poolt kolm t‰hte
select right('ABCDEF', 3)

--kuvab @-t‰htem‰rgi asetuste mitmes on @_ m‰rk
select CHARINDEX('@', 'sara@aaa.com')

--esimene nr pele komakohta n‰itab et miotmendas alustab ja 
--siis mitu nr peale seda kuvada 
select SUBSTRING('pam@bbb.com',5 , 2)

--@-m‰rgist kuvab kolm t‰he m‰rki.Viimas numbri saab m‰‰rata pikkust
select SUBSTRING('pam@bb.com', CHARINDEX('@', 'pam@bb.com') + 1, 3)

--pele @- m‰rki hakkab kuvama tulemust, nr saab kaugust seadistada 
select SUBSTRING('pam@bbb.com', CHARINDEX('@', 'pam@bb.com') + 5,
LEN('pam@bb.com') - CHARINDEX('@', 'pam@bbb.com'))

alter table Employees 
add Email nvarchar(20)

select * from Employees

update Employees set Email = 'tom@aaa.com' where Id = 1;
update Employees set Email = 'pam@bbb.com' where Id = 2;
update Employees set Email = 'john@aaa.com' where Id = 3;
update Employees set Email = 'sam@bbb.com' where Id = 4;
update Employees set Email = 'todd@bbb.com' where Id = 5;
update Employees set Email = 'ben@ccc.com' where Id = 6;
update Employees set Email = 'sara@ccc.com' where Id = 7;
update Employees set Email = 'valarie@aaa.com' where Id = 8;
update Employees set Email = 'james@bbb.com' where Id = 9;
update Employees set Email = 'russell@bbb.com' where Id = 10;

--soovime teade saada domeeninimesid emailides
select SUBSTRING (Email, charindex('@', Email) + 1,
len(Email) - charindex('@', Email)) as EmailDomain
from Employees

--alates teisest t‰hest emailis kuni @ m‰rgini on t‰rnid
select FirstName, LastName,
substring(Email, 1, 2) + replicate('*', 5 ) +
substring(Email, charindex('@', Email), len(Email) - charindex('@', Email)+1) as Email
from Employees

--kolm korda n‰itab stringis olevat v‰‰rtust
select REPLACE('asd', 3)

--t¸hiku sisestamine
select space(5)

--t¸hiku sisestamine Firstname ja LastName vahele
select FirstName + SPACE(25) + LastName  as FullName
from Employees

--PATINDEX
--sama, mis charindex, aga d¸naamiliselt kasuta wildcardi
select Email, PATINDEX('%@aaa.com', Email) as FirstOcurence
from Employees 
where PATINDEX('%@aaa.com', Email) > 0
--leian kıik selle domeeni esindaja alates mitmendas m‰rgist algab @


--kıik .com emailid asendab .net-ga
select Email, REPLACE(Email, '.com', '.net') as ConvertedEmail
from Employees


--soovin asendada peale sesimest m‰rki kolm t‰hte viie t‰ringa
select FirstName, LastName, Email,
 stuff(Email, 2, 3, '*****') as StuffedEmail
from Employees

create table DateTime 
(
c_time time,
c_date date,
c_smalldatetime smalldatetime,
c_datetime datetime,
c_datetime2 datetime2,
c_datetimeoffset datetimeoffset, 
)

select * from DateTime

--konkreetse masina kellaaega 
select getdate(), 'GETDATE()'

insert into DateTime
values (getdate(), getdate(), getdate(), getdate(), getdate(), getdate())

select * from DateTime                 

update DateTime set c_datetimeoffset = '2026-03-19 14:25:48.6266667 +10:00'
where c_datetimeoffset = '2026-03-19 14:25:48.6266667 +00:00'


select CURRENT_TIMESTAMP, 'CURRENT_TIMESTAMP'--AJA PƒRING
select SYSDATETIME(), 'SYSDATETIME'--veel t‰psem aja p‰ring
select SYSDATETIMEOFFSET(), 'SYSDATETIMEOFFSET'--t‰pne aeg koos ajalise nihkega 
select GETUTCDATE(), 'GETUTCDATE'--UCT aeg

--saab kontrollida, kas on ıige andmet¸¸p
select isdate('asd')--tagastab 0 kuna string ei ole date
select isdate(getdate()) --kuidas saada vastuseks 1 isdate puhul?
select  isdate('2026-03-19 14:25:48.6266667')--tagastab 0 kuna max kolm komakohta vıib olla 
select  isdate('2026-03-19 14:25:48.626')--tagastab 1
select DAY(getdate())--annab t‰nas ep‰eva nr
select DAY('01/24/2026')--annab stringis oleva kp ja j‰rjestus ja olema ıige
select MONTH(GETDATE()) --annab t‰nase kuu nr
select MONTH('01/24/2026')--annab stringis oleva kuu ja j‰rjestus peab olema ıige
select year(GETDATE()) --annab t‰nase aasta nr
select year('01/24/2026')--annab stringis oleva aasta ja j‰rjestus peab olema ıige

select DATENAME(DAY, '2026-03-19 14:26:02.983') --annab stringis oleva p‰eva nr
select DATENAME(Month, '2026-03-19 14:26:02.983') --annab stringis oleva kuu nr
select DATENAME(WEEKDAY, '2026-03-19 14:26:02.983') --annab stringis oleva n‰dala nr

create table EmployeeWithDates
(
Id nvarchar(2),
Name nvarchar(20),
DateOfBirth datetime
)

insert into EmployeeWithDates (Id, Name,DateOfBirth)
values (1, 'Sam', '1999-01-10 15:56:02.983');
insert into EmployeeWithDates (Id, Name,DateOfBirth)
values (2, 'Ken', '2000-02-21 10:16:02.983');
insert into EmployeeWithDates (Id, Name,DateOfBirth)
values (3, 'Andrew', '2010-01-26 02:26:02.983');
insert into EmployeeWithDates (Id, Name,DateOfBirth)
values (4, 'Katy', '2007-08-20 09:35:02.983')

select * from EmployeeWithDates

          --Tund nr 9  24.03.2026--
------------------------------------------------

--kuidas vıtta ¸hest veerust andmeid ja selle abil luua uued veerud 

--vaatab DoB veerust p‰eva ja kuvab p‰eva nimetuse sınana
select Name, DateOfBirth, Datename(weekday, DateOfBirth) as [Day], 
 --vaatab VoB veerust kuup‰evasi ja kuvab kuu nr
 Month(DateOfBirth) as MonthNumber,
 --vaatab DoB veerust kuud ja kuvab sınana
 DateName(Month, DateOfBirth) as [MonthName],
 --vıtab DoB veerust aasta
 Year(DateOfBirth) as [Year]
 from EmployeeWithDates

 --kuvab 3 kuna USA n‰dal algab p¸hap‰evaga 
 select Datepart(weekday, '2026-03-24 09:35:02.983')
 --tehke sama aga, kasutame kuu-d
 select Datepart(month, '2026-03-24 09:35:02.983')
 --liidab stringis oleva kp 20 p‰eva juurde
 select Dateadd(day, 20, '2026-03-24 09:35:02.983')
 --lahutab 20 p‰eva maha 
 select Dateadd(day, -20, '2026-03-24 09:35:02.983')
 --kuvab kahe stringis oleva kuudevahelist aega nr-na
 select datediff(month, '11/20/2026', '01/20/2024')
 --tehke sama, aga kasutage aastat
 select datediff(year, '11/20/2026', '01/20/2028')

 --alguse uurigte, mis on funktsioon MS SQL 
 --eelkirjutatud toimingud,salvestatud tegevus,andmebaasis salvestatud alamprogramm.

 --miks seda on vaja 
 --pakkuda DB-s korduvkasutatud funktsionaalsus, korduvate arvutuste lihtsustamiseks.
 
 --mis on selle eelised ja puudused
--saada kiiresti kasutada toiminguid ja ei pea uuesti koodi kirjutama 
--Funktsioonid ei tohi muuta andmebaasi olekut

create function fnComputeAge(@DOB datetime)
returns nvarchar(50)
as begin
    declare @tempdate datetime, @years int, @months int, @days int
select @tempdate = @DOB

select @years = DATEDIFF(YEAR, @tempdate, GETDATE()) - case when (month(@DOB)>
MONTH(GETDATE())) or (MONTH(@DOB) = MONTH(GETDATE())and day(@DOB) > DAY(GETDATE()))
then 1 else 0 end
select @tempdate = DATEADD(YEAR, @years, @tempdate)

select @months = DATEDIFF(MONTH, @tempdate, GETDATE()) - case when DAY(@DOB) >
DAY(getdate()) then 1 else 0 end
select @tempdate = DATEADD(MONTH, @months, @tempdate)

select @days = datediff(day, @tempdate, GETDATE())

declare @Age nvarchar(50)
   set @Age = CAST (@years as nvarchar(4)) + 'Years' + CAST(@months as nvarchar(2))
+ 'Months' + CAST (@days as nvarchar(2)) + 'Days old'
    return @Age
end

select Id, Name, DateOfBirth, dbo.fnComputeAge(DateOfBirth)
as Age from EmployeeWithDates  

		  --Tund nr 10  31.03.2026--
------------------------------------------------
--kui kasutame seda funktsiooni, siis saame teada t‰nase p‰eva vahet stringis v‰lja tooduga
select dbo.fnComputeAge('02/24/2010') as age

--nn peale DOB muutuja n‰itab, et mismoodi kuvada DOB-d
select Id, Name, DateOfBirth,
convert(nvarchar, DateOfBirth, 108) as ConvertedDOB
from EmployeeWithDates  

select Id, Name, Name + ' - ' + cast(Id as nvarchar) as [Name-Id] from EmployeeWithDates  

select cast(getdate() as date) --t‰nane kuup‰ev

--t‰nane kuup‰ev, aga kasutate convert-i, et kuvada stringina 
select convert(date, getdate()) as T‰naneKuup‰ev

--matemaatilised funktsioonid
select ABS(-5) --abs on absoluutv‰‰rtusega number ja tulemuseks saame ilma miinus m‰rgita 5
select ceiling(4.2)--ceiling on funktsioon, mis ¸mardab ¸lespoole ja tulemuseks saame 5
select ceiling(-4.2)--ceiling ¸mardab ka miinus numbri ¸lespoole, mis t‰hendab, et saame -4 
select floor(15.2) --floor on funktsioon, mis ¸mbritseb alla ja tulemuseks saame 15
select floor(-15.2)--floor ¸mardab ka miinus numbri alla, mis t‰hendab, et saame -16
select power(2, 4) --kaks astems neli
select square(9) --antud juhul ¸heksa ruudus
select sqrt(16) --antud juhul 16 ruutjuur


select rand() --rand on funktsioon, mis genereerib
--juhusliku numbri vahemikus 0 kuni 1

--kuidas saada t‰isnumber iga kord
select floor(rand() * 100) --korrutab sajaga iga suvalist numbrit

--iga kord n‰itab 10 suvalist numbrid
declare @counter int = 1
set @counter = 1
while (@counter <= 10)
begin
    print floor(rand() * 100)
    set @counter = @counter + 1
end

select round(850.556, 2) 
--round on funktsioon, mis ¸mardab kaks komakohta 
--ja tulemuseks saame 850.56
select round(850.556, 2, 1) 
--round on funktsioon, mis ¸mardab kaks komakohta ja 
--kui kolmas parameeter on 1, siis ¸mardab alla
select round(850.556, 1) 
--round on funktsioon, mis ¸mardab ¸he komakoha ja 
--tulemuseks saame 850.6
select round(850.556, 1, 1) --¸mardab alla ¸he komakoha pealt
--ja tulemuseks saame 850.5
select round(850.556, -2) --¸mardab t‰isnumber ¸lesepoole ja tulemus 900
select round(850.556, -1) --¸mardab t‰isnumber alla ja tulemus on 850


---
create function dbo.CalculateAge(@DOB date)
returns int
as begin 
declare @Age int 

    set @Age = datediff(year, @DOB, getdate()) -
	case
	 when (month(@DOB) > month(getdate())) or
	      (month(@DOB) > month(getdate()) and day(@DOB) > day(getdate()))
		  then 1 else 0 end
  return @Age
end

--kui valmis, siis proovige seda funktsiooni 
--ja vaadake, kas annab ıige vanuse
exec dbo.CalculateAge '1980-12-30'

--arvutab v‰lja, kui vana on isik ja vıtab arvesse kuud ning p‰evad
--antud juhul n‰itab kıike, kes on ¸le 36 a vanad
select Id, Name, dbo.CalculateAge(DateOfBirth) as Age from EmployeeWithDates
where dbo.CalculateAge(DateOfBirth) < 36

		  --Tund nr 11  02.04.2026--
------------------------------------------------

--- inline table valued function
alter table EmployeeWithDates
add DepartmentId int 
alter table EmployeeWithDates
add Gender nvarchar(10)

select * from EmployeeWithDates

update EmployeeWithDates set Gender = 'Male', DepartmentId = 1
where Id = 1
update EmployeeWithDates set Gender = 'Female', DepartmentId = 2
where Id = 2
update EmployeeWithDates set Gender = 'Male', DepartmentId = 3
where Id = 3
update EmployeeWithDates set Gender = 'Female', DepartmentId = 1
where Id = 4
insert into EmployeeWithDates  (Id, Name, DateOfBirth, DepartmentId, Gender)
values (5, 'Todd', '1978-08-20 09:35:02.983', 1, 'Male')

--scalar function annab mingis vahemikus andmeid,
--inline table values ei kasuta begin ja end funktsioone
--scalar annab v‰‰rtused ja inline annab tabeli
create function fn_EmployeeByGender(@Gender nvarchar(10))
returns table 
as 
return (select Id ,Name, DateOfBirth, DepartmentId, Gender
        From EmployeeWithDates
		where Gender = @Gender)

--kuidas leida kıik naised tabelis EmployeeWithDates
-- ja kasutada funktsiooni fn_EmployeeByGender

select * from fn_EmployeeByGender('Female')

--tahaks ainult Pami nime n‰ha
select * from fn_EmployeeByGender('Female') 
where Name = 'Pam'

select * from Department

--kahest erinevates tabelis andmete vıtmine ja 
--koos kuvamine 
--esimene on funktsioon ja teine tabel

select Name, Gender, DepartmentName
from fn_EmployeeByGender('Male') E
join Department D on D.Id = E.DepartmentId

--multi tabel statement 
--inline funktsioon
create function fn_GetEmployees()
returns table as 
return(select Id, Name, cast(DateOfBirth as date)
       as DOB 
       from EmployeeWithDates)

select * from fn_GetEmployees()

--multi - state puhul peab defineerima uue tabeli veerud koos muutujatega
--funktsiooni nimi on fn_MS_GetEmployees()
--peab edastama meile Id, Name, DOB tabelis EmployeeWithDates

create function fn_MS_GetEmployees()
returns @Table Table (Id int, Name nvarchar(20), DOB date)
as begin
    insert into @Table
    select Id, Name, cast(DateOfBirth as date) from EmployeeWithDates
    return
end
select * from fn_MS_GetEmployees()

--inline tabeli funktsioonid on paremini t‰‰tamas kuna k‰sitletakse vaatena
--multi puhul on pm tegemist stored proceduriga ja kulutab ressurssi rohkem

--muudame andmeid ja vaatame, kas  iline funktsiooni on muutused kajastatud
update fn_GetEmployees() set Name = 'Sam1' where Id = 1
select *from fn_GetEmployees() -- saab muuta andmeid

update fn_MS_GetEmployees() set Name = 'Sam2' where Id = 1
--ei saa muuta andmeid multi state funktsioonis,
--kuna see on nagu stored procedure

--deterministic vs non-deterministic functions
--deterministic funktsioonid annavad erineva tulemuse, kui sissend on sama
select COUNT(*) from EmployeeWithDates
select SQUARE(4)
--non-deterministic funktsioonid annavad erineva tulemuse, kui sisend on sama
select GETDATE()
select CURRENT_TIMESTAMP
select RAND()

		  --Tund nr 12  16.04.2026--
------------------------------------------------

--loome funktsiooni 
create function fn_GetNameById(@id int)
returns nvarchar(30)
as begin
   return (select Name from EmployeeWithDates where Id = @id)
end

--kasutame funktsiooni, leides Id 1 all oleva inimene 
select dbo.fn_GetNameById(1)

select * from EmployeeWithDates

--saab n‰ha funksiooni sisu
sp_helptext fn_GetNameById

--n¸¸d muudame funksiooni nimega fn_GetNameById
--ja panete sinna encryption, et keegi peale teie ei saaks sisu n‰ha 

alter function fn_GetNameById(@id int)
returns nvarchar(30)
with encryption 
as begin
    return (select Name from EmployeeWithDates where Id = @id)
end

--kui n¸¸d sp_helptext kasutada, siis ei n‰e funktsiooni sisu
sp_helptext fn_GetNameById

--kasutame schemabindingut, et n¸ha, mis on funktsiooni sisu
alter function dbo.fn_GetNameById(@id int)
returns nvarchar(30)
with schemabinding 
as begin
    return (select Name from dbo.EmployeeWithDates where Id = @id)
end
--schemabinding t‰hendab, et kui keegi ¸ritab muuta EmployeeWithDates
--tabelit, siis ei lase seda teha, kuna see on seotud
--fn_GetNameById funktsiooniga

--ei saa kustutada EmployeeWithDates, 
--kuna see on seotud fn_GetNameById funktsiooniga
drop table dbo.EmployeeWithDates

--temporary tables
--see on olemas ainult selle sessiooni jooksul
--kasutakse # s¸bmbolit, et saada aru, et tegemist on temporary tabeliga
 create table #PersonDetails (Id int,Name nvarchar(20))

 insert into #PersonDetails values (1, 'Sam')
 insert into #PersonDetails values (2, 'Pam')
 insert into #PersonDetails values (3, 'John')

 select * from #PersonDetails

--temporary tabelite nimekirja ei n‰e, kui kasutada sysobjects 
--tabelit, kuna need on ajutised
 select Name from sysobjects
 where name like '#PersonDetails'

--kutsume temporary tabeli
drop table #PersonDetails
--loome sp, mis loob temporary tabeli ja paneb sinna andmed
create proc spCreateLocalTempTable 
as begin 
create table #PersonDetails (Id int, Name nvarchar(20))

 insert into #PersonDetails values (1, 'Sam')
 insert into #PersonDetails values (2, 'Pam')
 insert into #PersonDetails values (3, 'John')

 select * from  #PersonDetails 
 end
 ---
 exec spCreateLocalTempTable

--globaalne temp tabel on olemas kogu 
--serveri ja kıikide kasutajatele, kes on ¸hendatud
create table ##GlobalPersonDetails (Id int, Name nvarchar(20))

--index
create table EmployeeWithSalary
(
  Id int Primary key,
  Name nvarchar(20),
  Salary int, 
  Gender nvarchar(10)
)

 insert into EmployeeWithSalary values (1, 'Sam', 2500, 'Male')
 insert into EmployeeWithSalary values (2, 'Pam', 6500, 'Female')
 insert into EmployeeWithSalary values (3, 'John', 4500, 'Male')
 insert into EmployeeWithSalary values (4, 'Sara', 5500,'Female')
 insert into EmployeeWithSalary values (5, 'Todd', 3100, 'Male')
  
 select * from EmployeeWithSalary

--otsime inimesi, kellel palgavahemik on 5000 kuni 7000

select * from EmployeeWithSalary where salary between 5000 and 7000 

--loome indeksi Salary veerule, et kiirendada otsingut
--mis asetab andmed Salary veeru j‰rgi j‰rjestatult
create index IX_EmployeeSalary 
on EmployeeWithSalary(Salary asc)

--saame teada, et mis on selle tabeli primaarv‰tti ja index 
exec.sys.sp_helpindex @objname = 'EmployeeWithSalary'

--tahaks IX_EmployeeeSalary indeksi kasutada, et otsing oleks kiirem
select * from EmployeeWithSalary
where Salary between 5000 and 7000

select * from EmployeeWithSalary with (index(IX_EmployeeSalary))

--indeksi kustutamine 
drop index IX_EmployeeSalary on EmployeeWithSalary --1 variant
drop index EmployeeWithSalary.IX_EmployeeSalary --2 variant

----indexi t¸¸bid:
--1. Klasitrites olevad
--2. Mitte-klastis olevad
--3. Unikaalsed
--4. Filtreeritud
--5. XML
--6. T‰istekst
--7. Ruumline
--8. Veerus‰litav
--9. Veergude indexid
--10. V‰lja arvatud veergudega indeksid

--klastid olev index m‰‰rab ‰ra tabelis oleva f¸¸silise j‰rjestuse
--ja selle tulemusel saab tabelis olla ainult ¸ks klastist olev index

create table EmployeeCity
(
  Id int Primary key,
  Name nvarchar(20),
  Salary int, 
  Gender nvarchar(10),
  City nvarchar(50)
)

exec sp_helpindex EmployeeCity

--andemte ıige j‰rjestus loovad klastris olevad indeksid 
--ja kasutab selleks Id nr_t
--pıhjus, miks antud juhul kasutab Id-d, tuleneb primaarvıtmes

 insert into EmployeeCity values (3, 'John', 4500, 'Male', 'New York')
 insert into EmployeeCity values (1, 'Sam', 2500, 'Female', 'London')
 insert into EmployeeCity values (4, 'Sara', 5500, 'Male', 'Tokyo')
 insert into EmployeeCity values (5, 'Todd', 3100,'Female', 'Toronto')
 insert into EmployeeCity values (2, 'Pam', 6500, 'Male', 'Sydney')

 --Klastris olevad indeksid dikteerivad s‰ilitatud andmete j‰rjestuse tabelis 
 --ja seda klastrite puhul olla ainult ¸ks 

 select * from EmployeeCity
 create clustered index IX_EmployeeCityName
 on EmployeeCity(Name)
 --pıhjus , miks ei saa luua klastist olevat
 --indexid Name veerule, on seed, et tabelis on juba klastis
 --olev index Id veerul, kuna see on primarvıti

 --loome composite indeksi, mis t‰hendab, et see on mitme veeru indeks
 --enne tuleb kustutada klastris olev indeks, kuna composite indeks 
 --on klastris olev indeksi t¸¸p
 cerate clustered index IX_EmployeeGenderSalary
 on EmployeeCity(Gender desc, Salary asc)
 --kui teed select p‰ringu selle tabelile, siis peaksid n‰gema andmeid,
 --mis on j‰rjestatud selliseset: Esimeseks vıetakse aluseks Gender veerg
 --kahenevas j‰rjestuses ja siis Salary veerg tıusvas j‰rjestuses

 select * from EmployeeCity

 --mitte klastris olev indeks on eraldi struktuur, 
--mis hoiab indeksi veeru v‰‰rtusi
create nonclustered  index IX_EmployeeCityName
on EmployeeCity(Name)
--kui n¸¸d teed select p‰ringu, siis n‰ed, et andmed on
--j‰rjestatud Id veeru j‰rgi
select * from EmployeeCity

--erinevused kahe indeksi vahel 
--1.ainult ¸ks klastris olev indeks saab olla tabeli peale,
--mitte-klastris olevaid indekseid saab olla mitu 
--2. klastris olevad indeksid on kiiremad kuna indeksid peab tagasi
--viitama tabeli juhul, kui selekteeritud veerg ei ole olemas indeksis
--3. Klastris oleva indeksi m‰‰ratleb ‰ra tabeli ridade salvestusej‰rjestuse
--ja ei nıua kettal lisa ruumi.Samas mitte klastris olevad indeksi on
--salvestatud tabelist eraldi ja nıuab lisa ruumi

create table EmployeeFirstName
(
  Id int Primary key,
  FirstName nvarchar(20),
  LastName nvarchar(20),
  Salary int, 
  Gender nvarchar(10),
  City nvarchar(50)
)

exec sp_helpIndex EmployeeFirstName

insert into EmployeeFirstName values(1, 'John', 'Smith', 4500, 'Male', 'New York')
insert into EmployeeFirstName values(1, 'Mike', 'Sandoz', 2500, 'Male', 'London')

drop index EmployeeFirstName.PK__Employee__3214EC07BBE6F4EC
--kui k‰ivitada ¸levalpool oleva koodi, siis tuleb veateade 
--et SQL server kasutab UNIQUE Indeksit jıustamaks v‰‰rtuse 
--unikaalsust ja primaarvıtit koodiga Unikaalseid Indekseid
--ei saa kustudada, aga k‰sitsi saab

create unique nonclustered  index UIX_Employee_FirstName_LastName
on EmployeeFirstName(FirstName, LastName)

--lisame uue piirangu peale 
alter table EmployeeFirstName
add constraint UQ_EmployeeFirstNameCity
unique nonclustered (City)

--sisestage kolmas rida andmetega, mis on id-s 3, FirstName-s John,
--LastName-s Menco ja linn on London

insert into EmployeeFirstName values(3, 'John', 'Menco', 3500, 'Male', 'London')

--saab vaadata indeksite infot 
exec sp_helpconstraint EmployeeFirstName

-- 1. Vaikimisi primaarvıti loob unikaalse klastris oleva indeksi,
-- samas unikaalne piirang loob unikaalse mitte-klastris oleva indeksi
-- 2. Unikaalset indeksit vıi piirangut ei saa luua olemasolevasse tabelis
-- kui tabel juba sisaldab v‰‰rtusi vıtmeveerus
-- 3. Vaikimisi korduvaid v‰‰rtuseid ei ole veerus lubatud,
-- kui peaks olema unikaalne indeks vıi piirang. Nt, kui tahad sisestada
-- 10 rida andmeid, millest 5 sisaldavad korduvaid andmeid,
-- siis kıik 10 l¸katakse tagasi. Kui soovin ainult 5
-- rea tagasil¸kkamist ja ¸lej‰‰nud 5 rea sisestamist, siis selleks
-- kasutatakse IGNORE_DUP_KEY

--n‰ide 
create unique index IX_EmployeeFirstName
on EmployeeFirstName(City)
with IGNORE_DUP_KEY

insert into EmployeeFirstName values(5,'John', 'Menco', 3512, 'Male', 'London1')
insert into EmployeeFirstName values(6'John', 'Menco', 3123, 'Male', 'London2')
insert into EmployeeFirstName values(6,'John', 'Menco', 3220, 'Male', 'London2')
--enne ignore k‰sku oleks kolm rida tagasi l¸katud, aga 
--n¸¸d keskmine rida l‰bi kuna linna nimi oli unikaalne
select * from EmployeeFirstName

--view on virtuaalne tabel, mis on loodud ¸he vıi mitme tabeli pıhjal
select Firstname, Salary, Gender, DepartmentName
from Employees
join Department
on Department.Id = Employees.DepartmentId

create view vw_EmployeeByDetails
as
select Firstname, Salary, Gender, DepartmentName
from Employees
join Department
on Department.Id = Employees.DepartmentId
--otsige ¸lesse view

--kuidas view-d kasutada: vw_EmployeeByDetails
select * from vw_EmployeeByDetails
-- view ei salvesta andmeid vaikimisi
-- seda tasub vˆtta, kui salvestatud virtuaalse tabelina

-- milleks vaja:
-- saab kasutada andmebaasi skeemi keerukuse lihtsutamiseks,
-- mitte IT-inimesele
-- piiratud ligip‰‰s andmetele, ei n‰e kıiki veerge

--teeme view, kus n‰eb ainult IT-tˆˆtajad
create  view vITEmployeesInDepartment
as 
select Firstname, Salary, Gender, DepartmentName
from Employees
join Department
on Department.Id = Employees.DepartmentId
where Department.DepartmentName = 'IT'
--Ðlevalpool olevat p‰ringut saab liigitada reataseme turvalisuse 
--alla. Tahan ainult IT osakonna tˆˆtajaid

select * from vITEmployeesInDepartment

		  --Tund nr 13  24.04.2026--
------------------------------------------------
--veeru taseme turvalisus 
--peale selecti m‰‰ratled veergude n‰itamise ‰ra
create view vEmployeeInDepartmentSalaryNoShow
as
select FirstName, Gender, DepartmentName
from Employees
join Department
on Employees.DepartmentId = Department.Id

select * from vEmployeeInDepartmentSalaryNoShow

--saab kasutada esitlemaks koondandmeid ja ¸ksikasjalike andmeid 
--view, mis tagastab summereid andmeid
create view vEmployeeCountDepartment
as 
select DepartmentName, count(Employees.Id) as TotalEmployees
From Employees
join Department
on Employees.DepartmentId = Department.Id
group by DepartmentName

select * from vEmployeeCountDepartment

--kui soovid vaadata view sisu?
sp_helptext vEmployeeCountDepartment
--kui soovid muuta, siis kasutad alter view

--kui soovid kustutada, siis kasutada drop view
drop view vEmployeeCountDepartment

--andmete uuendamine l‰bi view 
create view vEmployeeDataExceptSalary
as 
select Id, FirstName, Gender, DepartmentId
from Employees

select * from Employees

update vEmployeeDataExceptSalary
set [FirstName] = 'Pam' where Id = 2

--kustutage Id 2 rida ‰ra 
delete from vEmployeeDataExceptSalary where Id = 2
--Andemete sisestamine l‰bi view: vEmployeeDataExceptSalary
--Id 2, Female, 2, Pam
insert into vEmployeeDataExceptSalary (Id, Gender, DepartmentId, FirstName)
values (2, 'Female', 2, 'Pam')

--indekseeritud view
--mS SQL-s on indekseeritud view nime all ja 
--Oracles mateljaliseeritud view nimega

create table product 
(
Id int primary key,
Name Nvarchar(20),
UnitPrice int
)

select * from Product

insert into product (Id, Name, UnitPrice)
 values(1, 'Books', 20),
 (2, 'Pens', 14),
 (3, 'Pencils', 11),
 (4, 'Clips', 10)

create table ProductSales 
(
Id int,
QuantitySold int
)

select * from ProductSales 

insert into ProductSales  (Id, QuantitySold)
 values(1,10),
 (3, 23),
 (4, 21),
 (2, 12),
 (1, 13),
 (3, 12),
 (4, 13),
 (1, 11),
 (2, 12),
 (1, 14)

 --loomeview, mis annab meile veerud TotalSales ja TotalTransction

 alter view vTotalSalesByProduct
 with schemabinding
 as 
 select Name,
 sum(isnull((QuantitySold * UnitPrice), 0)) as TotalSales,
 count_big(*) as TotalTransactions
 from dbo.ProductSales
 join dbo.Product
 on dbo.Product.Id = dbo.ProductSales.Id
 group by Name 

select * from vTotalSalesByProduct

-- kui soovid luua indeksi view sisse, siis peab j‰rgima teatud reegleid
-- 1. view tuleb luua koos schemabinding-ga
-- 2. kui lisafunktsioon select list viitab v‰ljendile ja selle tulemuseks
-- vˆib olla NULL, siis asendusv‰‰rtus peaks olema t‰psustatud.
-- Antud juhul kasutasime ISNULL funktsiooni asendamaks NULL v‰‰rtust
-- 3. kui GroupBy on t‰psustatud, siis view select list peab
-- sisaldama COUNT_BIG(*) v‰ljendit
-- 4. Baastabelis peaksid view-d olema viidatud kahesosalie nimega
-- ehk antud juhul dbo.Product ja dbo.ProductSales.

create unique clustered index UIX_vTotalSalesByProduct_Name
on vTotalSalesByProduct(Name)

select * from vTotalSalesByProduct

--veiw piirangud 
create view vEmployeeDetails
@Gender nvarchar(20)
as 
Select Id, FirstName, Gender, DepartmentId
from Employees 

--mis on selles views valesti?
--vaatasse e view-sse ei saa kaasa panna parameetreid e antud juhul Gender

--teha funktsioon kus parameetriks on gender 
--soovin n‰ha veerge: Id, FirstName, Gender, DepartmentId
--tabeli nimi on Employees
--funktsiooni nimi on fnEmployeeDetails 

create function fnEmployeeDetails (@Gender nvarchar(20))
returns table
as
return
(select Id, FirstName, Gender, DepartmentId
from Employees where Gender = @Gender)

--kasutame funktsiooni fnEmployeeDetails koos parameetriga 

select * from fnEmployeeDetails('Female')

--orde by kasutamine 
create view vEmployeeDetailsStored
as
select Id, FirstName, Gender, DepartmentId
from Employees
order by Id 
--order by-d ei saa kasutada 

--temp tabeli kasutamine 
create table ##TestTempTable
(Id int, FirstName nvarchar(20), Gender nvarchar(20))

insert into ##TestTempTable values (101, 'Mart', 'Male')
insert into ##TestTempTable values (102, 'Joe', 'Female')
insert into ##TestTempTable values (103, 'Pam', 'Female')
insert into ##TestTempTable values (104, 'James', 'Male')

--veiw nimi on vOnTempTable
--kasutame ##TestTempTable
create view vOnTempTable
as
select Id, FirstName, Gender
from ##TestTempTable
--view-id ja funktsiooni ei saa teha ajutistele tabelitele

--Triggerid

--DML trigger
--kokku on kolem t¸¸pi:  DML, DDL ja LONGON

--- trigger on stored procedure eriliik, mis automaatselt k‰ivitub,
--- kui mingi tegevus
--- peaks andmebaasis aset leidma

--- DML ñ data manipulation language
--- DML-i pıhilised k‰sklused: insert, update ja delete

-- DML triggereid saab klassifitseerida kahte t¸¸pi:
-- 1. After trigger (kutsutakse ka FOR triggeriks)
-- 2. Instead of trigger (selmet trigger e selle asemel trigger)

--- after trigger k‰ivitub peale s¸ndmust, kui kuskil on tehtud insert,
--- update ja delete


--Loome uue tabeli
create table EmployeeAudit
(
Id int identity(1, 1) primary key,
AudiData nvarchar(1000)
)

-- peale iga tˆˆtaja sisestamist tahame teada saada tˆˆtaja Id-d, 
-- p‰eva ning aega (millal sisestati) 
-- kıik andmed tulevad EmployeeAudit tabelisse 
-- andmeid sisestame Employees tabelisse

create trigger trEmployeeForInsert
on Employees
for insert
as begin 
declare  @Id int
select @Id = Id from inserted
insert into EmployeeAudit
values ('New employee with Id = ' + cast(@Id as nvarchar(5)) + ' is added at '
+ cast(getdate() as nvarchar(20)))
end

select * from Employees

insert into Employees values 
(11, 'Bob', 'Blob', 'Bomb', 'Male', 3000, 1, 3, 'bob@bob.com')
go 
select * from EmployeeAudit 



--delete trigger
create trigger trEmployeeForDelete
on Employees
for delete
as begin 
    declare @Id int
    select @Id = Id from deleted

    insert into EmployeeAudit
    values ('An existing employee with Id = ' + cast(@Id as nvarchar(5)) +
    ' is deleted at ' + cast(getdate() as nvarchar(20)))
    end

delete from Employees where Id = 11
select * from EmployeeAudit

--update trigger 
create trigger trEmployeeForUpdate
on Employees
for update 
as begin 
   --muutujate deklareerimine
   declare @Id int
   declare @OldGender nvarchar(20), @NewGender nvarchar(20)
   declare @OldSalary int, @NewSalary int
   declare @OldDepartanetId int, @NewDepartamentId int
   declare @OldManageId int, @NewManagerId int
   declare @OldFirstName nvarchar(20), @NewFirstName nvarchar(20)
   declare @OldMiddelName nvarchar(20), @NewMiddelName nvarchar(20)
   declare @OldLastName nvarchar(20), @NewLastName nvarchar(20)
   declare @OldEmil nvarchar(50), @NewEmail nvarchar(50)

   --muutuja, kuhu l‰heb lıpptekst 
   declare @AuditsString nvarchar(20)

   --laeb kıik uuendatud andmed temp tabeli alla 
   select * from #TempTable
   from inserted 

   --kıik l‰bi kıik andemd temp tabelis 
   while(exists(select Id from #TempTable))
   begin 
       set @AudiString = ''
       --Selekteerib esimese rea andmeid temp table-st
       select top 1 @Id = Id, 
       @NewGender = Gender,
       @NewSalary = Salary, 
       @NewDepartamentId = DepartamentId,
       @NewManagerId = ManagerId, 
       NewFirstName = FirstName,
       @NewMiddleName = MiddleName, 
       @NewLastName = LastName,
       @NewEmail = Email
       from #TempTable
       --vıtab vanad andmed kustutatud tabelis
select @OldenGender = Gender 
       @OldGender = Gender,
       @OldSalary = Salary, 
       @OldDepartamentId = DepartamentId,
       @OldManagerId = ManagerId, 
       @OldFirstName = FirstName,
       @OldMiddleName = MiddleName, 
       @OldLastName = LastName,
       @OldEmail = Email
       fromdeleted where Id = @Id 

		  --Tund nr 14  30.04.2026--
------------------------------------------------


















































































